Subtype	Mutation	Position	Oseltamivir	Zanamivir	Peramivir	Laninamivir	Comments
A(H3N2)	E119D	119	NI (2)	RI (32)	NI (2)	?	RG (59)
A(H3N2)	E119I	119	HRI (208)	RI (17)	NI (3)	?	Clin/Ose; in vitro (60)
A(H3N2)	E119V	119	RI/HRI (18–2057)	NI (1–7)	NI (1–3)	NI (3–4)	Sur; Clin/Ose; in vitro; RG (39, 45, 59-64)
A(H3N2)	Q136K	136	NI (1–7)	RI/HRI (11–132)	NI (3–9)	NI (2)	Host cell selected, not found in clinical specimens; Sur (21, 33, 65)
A(H3N2)	N142S	142	HRI (595)	HRI (244)	RI (40)	RI (53)	Clin/Sur (21)
A(H3N2)	D151A	151	NI (2–3)	RI (29–43)	RI (10)	NI (7)	Cell culture selected; Sur (21, 44)
A(H3N2)	D151E	151	RI (11)	NI (2)	?	?	Cell culture selected; RG (66)
A(H3N2)	D151G	151	NI (1)	HRI (>1500)	?	?	Cell culture selected; RG (67)
A(H3N2)	I222L	222	NI (9)	NI (2)	?	?	RG (68)
A(H3N2)	R224K	224	HRI (>4000)	RI (>50)	?	?	RG (66)
A(H3N2)	N245Y	245	RI (15)	NI (5)	NI (2)	NI (1)	Sur (17)
A(H3N2)	Del 245–248	245–248	HRI (157–222)	NI/RI (3–21)	NI (1)	NI (1)	Clin/Ose (69, 70)
A(H3N2)	Del 247–250	247–250	HRI (235)	RI (17)	NI (5)	NI (1)	Sur/recNA (70)
A(H3N2)	K249E	249	RI (10–15)	NI (4–6)	NI (1–3)	NI (1–3)	Sur (3)
A(H3N2)	E276D	276	RI (15)	HRI (160)	?	?	RG (66)
A(H3N2)	R292K	292	HRI (>10 000)	NI/RI/HRI (3–134)	RI/HRI (14–719)	NI (2–3)	Clin/Ose, Clin/Ose+Per; in vitro/Zan; RG; Clin/Sur (12, 21, 39, 44, 59, 61, 66, 71–73)
A(H3N2)	N294S	294	HRI (300–1879)	NI (8)	NI (1)	?	Clin/Ose; RG (39, 73)
A(H3N2)	N329K	329	NI/RI (5–21)	NI/RI (3–12)	?	?	Increased NA Kms for MUNANA substrate; Sur (13, 74, 75)
A(H3N2)	N329R	329	RI (13)	NI (8)	?	?	Increased NA Kms for MUNANA substrate; Sur (75)
A(H3N2)	S331R	331	NI/RI (5–77)	NI/RI (3–30)	?	?	Increased NA Kms for MUNANA substrate; Sur (13, 74, 75)
A(H3N2)	S334R	334	NI (<2)	NI (<2)	?	?	Increased NA Kms for MUNANA substrate; Sur (75)
A(H3N2)	R371K	371	RI (45)	RI (15)	?	?	RG (66)
A(H3N2)	E119V+T148I	119+148	HRI (>6000)	HRI (>800)	HRI (>110)	HRI (>250)	T148I was host cell selected; Sur; in vitro; RG (64)
A(H3N2)	E119V+I222L	119+222	HRI (1571)	NI (5)	?	?	RG (68)
A(H3N2)	E119V+I222V	119+222	HRI (293–2286)	NI (2)	NI (7)	?	Clin/Ose (63, 76)
A(H3N2)	I222T+S331R	222+331	RI (12–31)	NI (3–7)	NI (2)	NI (3–4)	Sur/Clin (21)
A(H3N2)	Q391K+K249E	391+249	RI (87)	RI